Game,Price,Image,URL
NBA 2K25 Standard Edition,£48.99,https://image.api.playstation.com/vulcan/ap/rnd/202406/0623/557a498ad681abced2e4fb18ccaacf8dbfe598a4e454b169.png?w=180,https://store.playstation.com/en-gb/product/EP1001-PPSA22121_00-NBA2K25STANDARD0
STAR WARS Jedi: Survivor™,£27.99,https://image.api.playstation.com/vulcan/ap/rnd/202304/1016/47becbe467e18575f71429abbaec9af707865744b825f34d.png?w=180,https://store.playstation.com/en-gb/product/EP0006-PPSA07784_00-APPLEJACKGAME000
STAR WARS Jedi: Survivor™ PS4,£31.49,https://image.api.playstation.com/vulcan/ap/rnd/202304/1016/47becbe467e18575f71429abbaec9af707865744b825f34d.png?w=180,https://store.playstation.com/en-gb/product/UP0006-CUSA33778_00-APPLEJACKGAME000
F1® 24,Free,https://image.api.playstation.com/vulcan/ap/rnd/202404/0814/6337d7fda029c89f7d02de0825db21fdd8ab46d36cbcc82c.png?w=180,https://store.playstation.com/en-gb/product/EP0006-CUSA44372_00-F124GAMEPS4GAME0
F1® 24,£34.99,https://image.api.playstation.com/vulcan/ap/rnd/202404/0814/6337d7fda029c89f7d02de0825db21fdd8ab46d36cbcc82c.png?w=180,https://store.playstation.com/en-gb/product/EP0006-PPSA17629_00-F124GAMEPS5GAME0
Grand Theft Auto V: Premium Edition,£14.99,https://image.api.playstation.com/vulcan/ap/rnd/202101/2019/JdvqcPlTYMxXrA1QQJm6TbDX.png?w=180,https://store.playstation.com/en-gb/product/EP1004-CUSA00411_00-PREMIUMPACKOG001
Grand Theft Auto V (PlayStation®5),£17.49,https://image.api.playstation.com/vulcan/ap/rnd/202202/2811/x9SuHZAiRn0uJXB1IKteIgcw.png?w=180,https://store.playstation.com/en-gb/product/EP1004-PPSA01721_00-GTAOANDSPUPGRADE
Hogwarts Legacy PS4 Version,£17.99,https://image.api.playstation.com/vulcan/ap/rnd/202208/0921/dR9KJAKDW2izPbptHQbh3rnj.png?w=180,https://store.playstation.com/en-gb/product/EP1018-CUSA12771_00-HOGWARTSLEGACY01
Hogwarts Legacy PS5 Version,£19.49,https://image.api.playstation.com/vulcan/ap/rnd/202208/0921/dR9KJAKDW2izPbptHQbh3rnj.png?w=180,https://store.playstation.com/en-gb/product/EP1018-PPSA01603_00-HOGWARTSLEGACY01
EA SPORTS™ Madden NFL 25,£34.99,https://image.api.playstation.com/vulcan/ap/rnd/202406/1011/5ef862d797e340bb0f2443e8feb9b0057867e8992b0963db.png?w=180,https://store.playstation.com/en-gb/product/EP0006-PPSA18890_00-MADDENNFL25GAME0
EA SPORTS™ MVP Bundle (Madden NFL 25 Deluxe Edition & College Football 25 Deluxe Edition),£104.99,https://image.api.playstation.com/vulcan/ap/rnd/202407/1217/b2d6ea26f706da5765c117858bc3203292af9973933dfde6.png?w=180,https://store.playstation.com/en-gb/product/EP0006-PPSA18890_00-AFBEDITION000000
EA SPORTS™ MVP Bundle (Madden NFL 25 Deluxe Edition & College Football 25 Deluxe Edition),£104.99,https://image.api.playstation.com/vulcan/ap/rnd/202407/1218/ccc575152dfa4275e645a18514a5bf27a5349e04a3607855.png?w=180,https://store.playstation.com/en-gb/product/EP0006-PPSA04185_00-COLLEGEAFBBUNDLE
Ratchet & Clank: Rift Apart,£34.99,https://image.api.playstation.com/vulcan/ap/rnd/202101/2921/DwVjpbKOsFOyPdNzmSTSWuxG.png?w=180,https://store.playstation.com/en-gb/product/EP9000-PPSA01474_00-RATCHETCLANKRIFT
Red Dead Redemption 2,£18.14,https://image.api.playstation.com/cdn/UP1004/CUSA03041_00/Hpl5MtwQgOVF9vJqlfui6SDB5Jl4oBSq.png?w=180,https://store.playstation.com/en-gb/product/EP1004-CUSA08519_00-REDEMPTIONFULL02
Red Dead Online,£8.99,https://image.api.playstation.com/vulcan/img/rnd/202011/1718/ooOoSjORBdw4VD3KXrHBlhHZ.png?w=180,https://store.playstation.com/en-gb/product/EP1004-CUSA08519_00-REDEMPTION000002
Red Dead Redemption,£27.99,https://image.api.playstation.com/vulcan/ap/rnd/202307/3122/00bd08cf240ede27e4354d3fc7a5b867190df853940366ec.png?w=180,https://store.playstation.com/en-gb/product/EP1004-CUSA36843_00-REDEMPTION000001
It Takes Two PS4™ & PS5™,£8.74,https://image.api.playstation.com/vulcan/ap/rnd/202012/0815/7CRynuLSAb0vysSC4TmZy5e4.png?w=180,https://store.playstation.com/en-gb/product/EP0006-PPSA02343_00-ITTAKESTWORETAIL
HITMAN World of Assassination,£23.19,https://image.api.playstation.com/vulcan/ap/rnd/202306/2110/ac07d058f6beb641716cdc8a1ead438e145ea127137ff8d1.png?w=180,https://store.playstation.com/en-gb/product/EP3969-PPSA01769_00-0000000000000WOA
Cyberpunk 2077,Unavailable,https://image.api.playstation.com/vulcan/ap/rnd/202008/0416/6Bo40lnWU0BhgrOUm7Cb6by3.png?w=180,https://store.playstation.com/en-gb/product/EP4497-CUSA16579_00-0000000000000001
Cyberpunk 2077,£23.99,https://image.api.playstation.com/vulcan/ap/rnd/202111/3013/cKZ4tKNFj9C00giTzYtH8PF1.png?w=180,https://store.playstation.com/en-gb/product/EP4497-PPSA04027_00-00000000000000N1
Avatar: Frontiers of Pandora™,£34.99,https://image.api.playstation.com/vulcan/ap/rnd/202306/0113/38ad0cc5b92af440d46ccebf5d1f271213d656684fce3385.png?w=180,https://store.playstation.com/en-gb/product/EP0001-PPSA01575_00-AVATAR2GAME00001
Marvel's Spider-Man Remastered,£28.99,https://image.api.playstation.com/vulcan/ap/rnd/202009/3021/B2aUYFC0qUAkNnjbTHRyhrg3.png?w=180,https://store.playstation.com/en-gb/product/EP9000-PPSA01470_00-MARVELSSPIDERMAN
Grounded PS4® & PS5®,£19.79,https://image.api.playstation.com/vulcan/ap/rnd/202404/1120/64a12b89992b8e34ecace3e5c7d1d39b954c2ab1d73de70a.png?w=180,https://store.playstation.com/en-gb/product/EP6311-PPSA17008_00-OGUNQUIT00000000
Still Wakes the Deep,£20.09,https://image.api.playstation.com/vulcan/ap/rnd/202306/0715/55587a1c22850a01b9967e6672c14fa4cfc948165b1ffb2d.png?w=180,https://store.playstation.com/en-gb/product/EP7072-PPSA07905_00-STILLWAKES00DEEP
Assassin's Creed Valhalla PS4 & PS5,£14.99,https://image.api.playstation.com/vulcan/ap/rnd/202007/0208/Ud7Ikvjoyev61bx3n1PTC9u8.png?w=180,https://store.playstation.com/en-gb/product/EP0001-PPSA01490_00-GAME000000000000
TopSpin 2K25,£29.99,https://image.api.playstation.com/vulcan/ap/rnd/202403/0618/5eb7a7431f949782b41e96f098f555ad492c2981d1156f18.png?w=180,https://store.playstation.com/en-gb/product/EP1001-CUSA32748_00-BASEGAME00000000
TopSpin 2K25 Cross-Gen Digital Edition,£32.49,https://image.api.playstation.com/vulcan/ap/rnd/202403/0619/b9cfd4a50d5a87a891c05be6f3e2f107f066d76e8a88dcb6.png?w=180,https://store.playstation.com/en-gb/product/EP1001-PPSA06899_00-TS2K25CROSSGENED
Thank Goodness You're Here!,£11.99,https://image.api.playstation.com/vulcan/ap/rnd/202308/1718/da9d5ae60787d113afe56a44c1a13c03a89e628d60ab7e2e.png?w=180,https://store.playstation.com/en-gb/product/EP3825-CUSA48663_00-0254643528516955
Thank Goodness You're Here!,£11.99,https://image.api.playstation.com/vulcan/ap/rnd/202308/1718/da9d5ae60787d113afe56a44c1a13c03a89e628d60ab7e2e.png?w=180,https://store.playstation.com/en-gb/product/EP3825-PPSA15434_00-0201844545004247
The Forest,£4.19,https://image.api.playstation.com/cdn/EP0238/CUSA12398_00/QABZIx8Ubf69EcsYvaiC1Zx0PPON7XvG.png?w=180,https://store.playstation.com/en-gb/product/EP0238-CUSA12398_00-THEFOREST0000000
Mortal Kombat™ 1,£22.49,https://image.api.playstation.com/vulcan/ap/rnd/202305/1515/1cc63f4f4b2c9a9852fabefba4ca7eea936b1ef7867811a5.png?w=180,https://store.playstation.com/en-gb/product/EP1018-PPSA07571_00-MKONE00000000000
Cuphead,£11.19,https://image.api.playstation.com/vulcan/img/cfn/11307fd0s0uyV-ba4dy5E9qskf6CIntl28sAerYTFbYC7vPUBrfgp7zokliHVbVoJ5ghylOBamo2Q2i5pbEYxQKFnSsiLHaY.png?w=180,https://store.playstation.com/en-gb/product/EP8254-CUSA20469_00-CUPHEAD000000000
Suicide Squad: Kill the Justice League,£13.99,https://image.api.playstation.com/vulcan/ap/rnd/202409/2418/c449e0f3698cd657591c5237eb1ac694cef87ecb9a55aa35.png?w=180,https://store.playstation.com/en-gb/product/EP1018-PPSA03913_00-SUICIDESQUADKTJL
The Witcher 3: Wild Hunt,£6.24,https://image.api.playstation.com/vulcan/ap/rnd/202211/0711/kh4MUIuMmHlktOHar3lVl6rY.png?w=180,https://store.playstation.com/en-gb/product/EP4497-PPSA10408_00-00000000000000N1
SKULL AND BONES™,£27.99,https://image.api.playstation.com/vulcan/ap/rnd/202206/1518/CXwcR0z8bOWFWrgRLpj9PfsI.png?w=180,https://store.playstation.com/en-gb/product/EP0001-PPSA02201_00-GAME000000000000
Beyond Good & Evil 20th Anniversary Edition,£14.39,https://image.api.playstation.com/vulcan/ap/rnd/202310/2319/6861665ab5e3e206984293796b276b97de3ecaf175a62d97.png?w=180,https://store.playstation.com/en-gb/product/EP0001-PPSA08706_00-BGER000000000000
Battlefield™ 2042 PS4,£8.99,https://image.api.playstation.com/vulcan/ap/rnd/202305/2515/0ca4a6fb1b87996a9f8b79fc16a8c99dcd24bcf5b99813e6.png?w=180,https://store.playstation.com/en-gb/product/EP0006-CUSA23250_00-KINGSTONGAME0000
Battlefield™ 2042 PS5,£10.49,https://image.api.playstation.com/vulcan/ap/rnd/202305/2515/586f0b4d3c158e5dcae2c7c0bc589df078bc9bf955b1ceae.png?w=180,https://store.playstation.com/en-gb/product/EP0006-PPSA01465_00-KINGSTONGAME0000
SnowRunner,£16.49,https://image.api.playstation.com/vulcan/img/cfn/11307EJHM-I7Qf0ggvkygLUE4UaPD_OVu4Gls8cGTheeYcgQxFYsuZiVBqk0wgrfsfiUaDsP1AfChBcbOgG478JMcDs-gJNF.png?w=180,https://store.playstation.com/en-gb/product/EP4133-PPSA04929_00-SNOWRUNNERGAME01
Mafia: Trilogy,£12.49,https://image.api.playstation.com/vulcan/ap/rnd/202009/0902/7CAOfTFXzgypO4TWHnWtQstC.png?w=180,https://store.playstation.com/en-gb/product/EP1001-CUSA03617_00-MAFIATRILOGYDEFI
Crash Bandicoot™ N. Sane Trilogy,£13.99,https://image.api.playstation.com/cdn/EP0002/CUSA07399_00/bPXMfRCtjGgvIS0BxOWqVsn94MAMLMkE.png?w=180,https://store.playstation.com/en-gb/product/EP0002-CUSA07399_00-CRASHNSANETRLOGY
Mortal Kombat 11,£3.99,https://image.api.playstation.com/vulcan/ap/rnd/202009/0123/bF1qmEL5RM6aMfL0oLcxRe8B.png?w=180,https://store.playstation.com/en-gb/product/EP1018-PPSA01619_00-00MORTALKOMBAT11
WWE 2K24 Deluxe Edition,£44.99,https://image.api.playstation.com/vulcan/ap/rnd/202401/1718/aed15f72bcf441aa4cb2991bd8f7e5d008d8659e6076543e.png?w=180,https://store.playstation.com/en-gb/product/EP1001-PPSA16307_00-WWE2K24DELUXEED0
Riders Republic™ PS4 & PS5,£8.74,https://image.api.playstation.com/vulcan/img/rnd/202201/1300/huRSi3QcAk2ppr8FyHvy92sg.png?w=180,https://store.playstation.com/en-gb/product/EP0001-PPSA01372_00-MADSTANDARTED000
Riders Republic™ Complete Edition,£21.24,https://image.api.playstation.com/vulcan/ap/rnd/202308/0314/5ac3e247e784413391d0916aec0aa2583bf34cdc4a4455a3.png?w=180,https://store.playstation.com/en-gb/product/EP0001-PPSA01372_00-MADCOMPLETEED000
MotoGP™24 PS4 & PS5,£29.99,https://image.api.playstation.com/vulcan/ap/rnd/202402/2609/bf474899d31067bb4e648ab00a193a30acb07b89078df2e3.png?w=180,https://store.playstation.com/en-gb/product/EP4356-PPSA19566_00-MOTOGP24FULLGAME
Grand Theft Auto: The Trilogy – The Definitive Edition (PS5 & PS4),£27.49,https://image.api.playstation.com/vulcan/ap/rnd/202110/0106/9EfOgkd9XN01Hzre1v61y27z.png?w=180,https://store.playstation.com/en-gb/product/EP1004-PPSA05805_00-GTATRILOGYBUNDLE
High On Life,£19.79,https://image.api.playstation.com/vulcan/ap/rnd/202305/3101/21b540176f9adb924f1396e89d406416fa2baa602b5e1492.png?w=180,https://store.playstation.com/en-gb/product/EP2886-PPSA15389_00-0937721911272224
High On Life + DLC Bundle,£26.39,https://image.api.playstation.com/vulcan/ap/rnd/202309/0903/21bcc2acf22b130c89d3f4add4ee2b73a400994528ac5e31.png?w=180,https://store.playstation.com/en-gb/product/EP2886-PPSA15389_00-0721800308649882
FAR CRY®6 Standard Edition PS4 & PS5,£14.99,https://image.api.playstation.com/vulcan/img/rnd/202106/1514/xqoTYwf0S55ro6fwcIIY1KI4.png?w=180,https://store.playstation.com/en-gb/product/EP0001-PPSA01870_00-FC6EDSTANDARD000
Assassin's Creed® Odyssey,£10.99,https://image.api.playstation.com/cdn/EP0001/CUSA09303_00/tzKcptCCUkiigpacybO8xWmvxPS7vIzk.png?w=180,https://store.playstation.com/en-gb/product/EP0001-CUSA09303_00-GAME000000000000
Assassin's Creed® Odyssey - ULTIMATE EDITION,£18.39,https://image.api.playstation.com/cdn/EP0001/CUSA09303_00/2zNOcIeoyIcORM0BltnxgYz1uhzN6N5Y.png?w=180,https://store.playstation.com/en-gb/product/EP0001-CUSA09303_00-EDITIONULTIMATE0
Borderlands 3 PS4™ &  PS5™,£5.99,https://image.api.playstation.com/vulcan/ap/rnd/202010/2323/p50N4PBK9rNanGYKFecTvac5.png?w=180,https://store.playstation.com/en-gb/product/EP1001-PPSA01463_00-0000000OAKNGSIEE
Borderlands 3: Super Deluxe Edition PS4™ &  PS5™,£13.99,https://image.api.playstation.com/vulcan/ap/rnd/202010/2322/4hbCDBET2tJsBEszKxO8o33c.png?w=180,https://store.playstation.com/en-gb/product/EP1001-PPSA01463_00-000000OAKSIEESDD
Among Us,£1.97,https://image.api.playstation.com/vulcan/img/rnd/202107/0115/D5IIJwm65MLMPENwWzzO7rjd.png?w=180,https://store.playstation.com/en-gb/product/EP7028-PPSA03596_00-AMONGUS5SIEE0001
PGA TOUR 2K23,£14.99,https://image.api.playstation.com/vulcan/ap/rnd/202207/2201/rhZ9AU0lZ221Km5tlnGcbTaG.png?w=180,https://store.playstation.com/en-gb/product/EP1001-CUSA29107_00-00000PGATOUR2K23
PGA 2K23 Cross-Gen Edition,£16.24,https://image.api.playstation.com/vulcan/ap/rnd/202207/2201/rhZ9AU0lZ221Km5tlnGcbTaG.png?w=180,https://store.playstation.com/en-gb/product/EP1001-PPSA04426_00-PGATOUR2K23CRSGN
Metro Exodus,£3.74,https://image.api.playstation.com/vulcan/img/rnd/202010/2814/jhNIE3yH1SNEe9CmxTVHAdme.png?w=180,https://store.playstation.com/en-gb/product/EP4062-PPSA01749_00-METROEXODUS0GEN9
Metro Saga Bundle,£7.49,https://image.api.playstation.com/vulcan/ap/rnd/202102/2215/zt3FcAh6QaR3B5oysX5TWDek.png?w=180,https://store.playstation.com/en-gb/product/EP4062-CUSA11407_00-METROSAGABUNDLE0
Tom Clancy’s Ghost Recon® Wildlands - Standard Edition,£7.99,https://image.api.playstation.com/cdn/EP0001/CUSA02819_00/adjIc97BP94i6yrn40lhRCCnUJLiRPhb.png?w=180,https://store.playstation.com/en-gb/product/EP0001-CUSA02819_00-GRWEMEANORMAL000
STAR WARS™ Battlefront™ II,£5.39,https://image.api.playstation.com/cdn/EP0006/CUSA05749_00/lOh528s3J3zcjOn8x8tn0iQyPlkIIfP7.png?w=180,https://store.playstation.com/en-gb/product/EP0006-CUSA05749_00-BATTLEFRONTII000
PAYDAY 3,£13.99,https://image.api.playstation.com/vulcan/ap/rnd/202305/2616/74efe3cba65d7ac5f08389b840602fa8349b075c4753901e.png?w=180,https://store.playstation.com/en-gb/product/EP8459-PPSA14411_00-PAYDAY3FULLGAME1
LEGO® Star Wars™: The Skywalker Saga PS4 & PS5,£12.49,https://image.api.playstation.com/vulcan/ap/rnd/202112/2121/qrpfY71rsvMn6beyjgStw3cH.png?w=180,https://store.playstation.com/en-gb/product/EP1018-PPSA01865_00-LEGOSWTSS0000000
RIDE 5,£20.99,https://image.api.playstation.com/vulcan/ap/rnd/202303/3115/c429ce8316b8c616efcb0587e5f18e9820a9f406bb88a08c.png?w=180,https://store.playstation.com/en-gb/product/EP4356-PPSA04314_00-RIDE5FULLGAME000
Mafia: Definitive Edition,£6.99,https://image.api.playstation.com/vulcan/ap/rnd/202006/1023/35jaBRLW6kV4wfF3bi0nxRIH.png?w=180,https://store.playstation.com/en-gb/product/EP1001-CUSA18100_00-MAFIAONEREMASTER
STAR WARS Jedi: Fallen Order™,£11.24,https://image.api.playstation.com/vulcan/img/rnd/202105/1714/WHeOu95nW2SZQy6H5IKgE2Bg.png?w=180,https://store.playstation.com/en-gb/product/EP0006-PPSA02199_00-RESPAWNSWBIRDDOG
Assetto Corsa Competizione,£10.49,https://image.api.playstation.com/vulcan/ap/rnd/202006/0821/BslGKgFzwgNgHGD1YiXr5kOf.png?w=180,https://store.playstation.com/en-gb/product/EP4040-CUSA17266_00-ACCOMP0000000000
Assetto Corsa Competizione,£10.49,https://image.api.playstation.com/vulcan/ap/rnd/202306/2922/42a58ec7aff10990d3af0c968e9223b9f3b0e1aa7c516ae8.png?w=180,https://store.playstation.com/en-gb/product/EP4040-PPSA03848_00-ACCOMPPS50000000
House Flipper 2,£24.74,https://image.api.playstation.com/vulcan/ap/rnd/202311/1614/bfe378bd3e7b0220998dafd485f1daee1b275a5afeeec15c.png?w=180,https://store.playstation.com/en-gb/product/EP5347-PPSA11333_00-HOUSEFLIPPER02EU
F1® Manager 2024 Deluxe Edition PS4 & PS5,£27.99,https://image.api.playstation.com/vulcan/ap/rnd/202405/0312/ef6caf501a072837ca19f0f61284ceefc2cfbee37661f842.png?w=180,https://store.playstation.com/en-gb/product/EP2377-PPSA21789_00-F1M24DELXEDITION
Assassin's Creed® Origins,£7.49,https://image.api.playstation.com/cdn/UP0001/CUSA05855_00/yYiGRi9oya2bnKV9QnZ65ghdgBTVWQfI.png?w=180,https://store.playstation.com/en-gb/product/EP0001-CUSA05625_00-GAMEACEMPIRE0000
Assassin's Creed® Origins - GOLD EDITION,£11.24,https://image.api.playstation.com/cdn/EP0001/CUSA05625_00/gAsKS4iMeeHiRKvzTW3fflL1MZ1Yp84l.png?w=180,https://store.playstation.com/en-gb/product/EP0001-CUSA05625_00-EDITIONGLDACE000
Descenders,£3.99,https://image.api.playstation.com/vulcan/ap/rnd/202007/2913/wcgJXG9S9tWOJAqgVc3AmNzm.png?w=180,https://store.playstation.com/en-gb/product/EP3999-CUSA10465_00-DESCENDERSGAMEEE
TEKKEN 7,£7.99,https://image.api.playstation.com/cdn/EP0700/CUSA06014_00/60LMXmTtlbr3RwGglLc9awmBpcFRCC5S.png?w=180,https://store.playstation.com/en-gb/product/EP0700-CUSA06014_00-PS4TEKKEN7000001
TEKKEN 7 - Definitive Edition,£15.19,https://image.api.playstation.com/vulcan/ap/rnd/202111/0818/xlmzWqiHQJNlMktOrSgbgFxA.png?w=180,https://store.playstation.com/en-gb/product/EP0700-CUSA06014_00-DEFINITIVE000000
Expeditions: A MudRunner Game (PS4 & PS5),£31.49,https://image.api.playstation.com/vulcan/ap/rnd/202310/1809/8fb813c0709d15b1efd22c39ca3ead0f4e132f2d9c291379.png?w=180,https://store.playstation.com/en-gb/product/EP4133-PPSA17422_00-SNOWRUNNEREXPEDI
PowerWash Simulator,£13.99,https://image.api.playstation.com/vulcan/ap/rnd/202301/1117/mOtdY7LHEsMrtMp0VvTyXeiE.png?w=180,https://store.playstation.com/en-gb/product/EP0082-PPSA04988_00-0663121687499994
Cricket 24,£19.99,https://image.api.playstation.com/vulcan/ap/rnd/202309/2212/d7fba97907064aa33d64c140a8f07c2a8e49d5fa36829a5b.png?w=180,https://store.playstation.com/en-gb/product/EP6665-PPSA16342_00-C240000000000000
Fernbus Coach Simulator,£24.49,https://image.api.playstation.com/vulcan/ap/rnd/202301/1610/qjiJf8AfEAEPOz6AcrThiZ3u.png?w=180,https://store.playstation.com/en-gb/product/EP2865-PPSA09167_00-4240839900792429
Flintlock: The Siege of Dawn,£26.24,https://image.api.playstation.com/vulcan/ap/rnd/202406/2009/6832b0713642518db72cf6f6187756d2854a1b537c380e80.png?w=180,https://store.playstation.com/en-gb/product/EP7579-PPSA07385_00-FLINTLOCK00PS5EU
Sid Meier’s Civilization VI,£3.74,https://image.api.playstation.com/vulcan/img/cfn/11307KFcs3gBlcheONy-ZOYZ5kplFnq5jXinUSI8HkCc8P2gdI1_32JrKJ-vxns32LjXBcQteG2EOwuzWS_KXqE5VCYFmS4Z.png?w=180,https://store.playstation.com/en-gb/product/EP1001-CUSA15381_00-CIV6BASE00000000
EARTH DEFENSE FORCE 6 PS4 & PS5,£39.99,https://image.api.playstation.com/vulcan/ap/rnd/202401/1504/f246e421112a773cf13ccca033883cf88054ee7bfccc1185.png?w=180,https://store.playstation.com/en-gb/product/EP3036-PPSA18970_00-EDF6MASTERPKG000
Green Hell,£7.99,https://image.api.playstation.com/vulcan/img/rnd/202106/0421/64a4leQbt6zne3MHrR4n64ec.png?w=180,https://store.playstation.com/en-gb/product/EP6468-CUSA26347_00-3105465408023069
Green Hell,£14.99,https://image.api.playstation.com/vulcan/img/rnd/202106/0421/64a4leQbt6zne3MHrR4n64ec.png?w=180,https://store.playstation.com/en-gb/product/EP6468-PPSA21629_00-0323454533773134
Batman: Arkham Knight,£3.19,https://image.api.playstation.com/cdn/EP1018/CUSA00135_00/gIBLibuNu1I91g9FYzkqBJFLMd1X9OaD.png?w=180,https://store.playstation.com/en-gb/product/EP1018-CUSA00135_00-BAKPREORDER00001
Banishers: Ghosts of New Eden,£34.99,https://image.api.playstation.com/vulcan/ap/rnd/202306/0615/c8a66a099314ba3d504d226c570e100cd7c6eaf8e936fbdf.png?w=180,https://store.playstation.com/en-gb/product/EP4133-PPSA10053_00-NEWWORLDGAME0000
Pacific Drive,£14.99,https://image.api.playstation.com/vulcan/ap/rnd/202311/0710/516003921755aa5cb8873cb08c22b172141e997a0d5cd075.png?w=180,https://store.playstation.com/en-gb/product/EP6847-PPSA17476_00-00000000000PS5EU
The Lord of the Rings: Return to Moria™,£13.99,https://image.api.playstation.com/vulcan/ap/rnd/202306/0520/d7bb0cab42052c1946d6fdcf236f059ee850819f9008843c.png?w=180,https://store.playstation.com/en-gb/product/EP7581-PPSA16618_00-0277621140622233
Thief Simulator 2,£11.99,https://image.api.playstation.com/vulcan/ap/rnd/202404/2613/126f315a1948c131d9d417cf28e17bf831d92d6295cf0af5.png?w=180,https://store.playstation.com/en-gb/product/EP5987-PPSA21997_00-0261948773137492
HOT WHEELS UNLEASHED™ 2 - Turbocharged PS4 & PS5,£11.24,https://image.api.playstation.com/vulcan/ap/rnd/202305/2213/3de9e16c11268d71c50cc943e9c60ec415adb9c15200bdc1.png?w=180,https://store.playstation.com/en-gb/product/EP4356-PPSA09285_00-HWU2TURBOCHARGED
Need for Speed™ Unbound,£69.99,https://image.api.playstation.com/vulcan/ap/rnd/202211/2212/wN4mS0adbyqFvKLTTgdBor67.png?w=180,https://store.playstation.com/en-gb/product/EP0006-PPSA01717_00-NEEDFORSPEED2022
Overcooked! 2,£4.99,https://image.api.playstation.com/cdn/EP4064/CUSA10870_00/oEOoxCv1cOCBDW5JwIK5bMX1NhNiRre8.png?w=180,https://store.playstation.com/en-gb/product/EP4064-CUSA10870_00-OVERCOOKED200000
L. A. Noire,£17.49,https://image.api.playstation.com/cdn/EP1004/CUSA09172_00/oHoljwqVOhZEDFCnDy7G9RiSF3V4srz7.png?w=180,https://store.playstation.com/en-gb/product/EP1004-CUSA09172_00-LANOIRE000000PS4
ON THE ROAD - The Truck Simulator,£19.99,https://image.api.playstation.com/vulcan/ap/rnd/202402/1209/76507fad829e34afea99457ce7c37f3edeccbe09877f0485.png?w=180,https://store.playstation.com/en-gb/product/EP2865-PPSA02891_00-7560871633130462
The Elder Scrolls Online Collection: Gold Road,£29.99,https://image.api.playstation.com/vulcan/ap/rnd/202401/0321/e0db19081dd6207da2c3fcb10b030192034c2ce951591d55.png?w=180,https://store.playstation.com/en-gb/product/EP1003-CUSA00086_00-PENSTDFULL000000
SONIC SUPERSTARS,£27.49,https://image.api.playstation.com/vulcan/ap/rnd/202307/2416/9fb7d209dbb62357ddd5c305f6019a97238fc1bd1b540560.png?w=180,https://store.playstation.com/en-gb/product/EP0177-PPSA06889_00-SONICORION000000
Dead by Daylight - Gold Edition,£34.79,https://image.api.playstation.com/vulcan/ap/rnd/202312/1516/e7d32d7e9cc455236ff3dddc2af1cb087d04b448e570cbde.png?w=180,https://store.playstation.com/en-gb/product/EP3367-PPSA02049_00-0000294310520942
Persona 5 Royal,£19.99,https://image.api.playstation.com/vulcan/ap/rnd/202209/0202/OjPcc6QP2W8kImOhWSnzojn3.png?w=180,https://store.playstation.com/en-gb/product/EP0177-PPSA05110_00-P5RGAME000000000
A Plague Tale: Requiem,£19.99,https://image.api.playstation.com/vulcan/ap/rnd/202106/1717/xIQOO3Mo5YMnIm81qkH3y5kJ.png?w=180,https://store.playstation.com/en-gb/product/EP4133-PPSA02785_00-APLAGUEOUTBURST0
A Plague Tale Bundle,£25.99,https://image.api.playstation.com/vulcan/ap/rnd/202301/0514/VQ3lEvSUqY8Bmya8pfL1cVYc.png?w=180,https://store.playstation.com/en-gb/product/EP4133-PPSA02785_00-APLAGUEINREQBDLE
Tomb Raider: Definitive Survivor Trilogy,£13.49,https://image.api.playstation.com/vulcan/ap/rnd/202103/0411/6WCniRsHGdHc6mJU7rOQ6yRu.png?w=180,https://store.playstation.com/en-gb/product/EP0082-CUSA27688_00-0299001029018095
Detroit: Become Human,£12.49,https://image.api.playstation.com/vulcan/img/rnd/202010/2119/wl4DB5QGzlEHAXy1KLUVgOAu.png?w=180,https://store.playstation.com/en-gb/product/EP9000-CUSA08308_00-DETROIT000000001
Divinity: Original Sin 2 - Definitive Edition,£17.49,https://image.api.playstation.com/cdn/EP3383/CUSA11898_00/qCNa6hRH1XzGkRoUdKnNS0Zon3GMomx3.png?w=180,https://store.playstation.com/en-gb/product/EP3383-CUSA11898_00-ORIGINALSIN2DE02
Bluey: The Videogame,£26.24,https://image.api.playstation.com/vulcan/ap/rnd/202308/3010/825364eca056cb581903517f67bfb10906ab6869fa9c9300.png?w=180,https://store.playstation.com/en-gb/product/EP3678-PPSA09956_00-BUEYBASEGAME0001
"Warhammer 40,000: Rogue Trader",£23.99,https://image.api.playstation.com/vulcan/ap/rnd/202311/0910/ba5f818ad00d6aab095b209701e4997642987edde9e9b6fe.png?w=180,https://store.playstation.com/en-gb/product/EP6646-PPSA15678_00-0086972552545460
Mass Effect™ Legendary Edition,£8.99,https://image.api.playstation.com/vulcan/ap/rnd/202101/2517/xK2b8gY5A5oyYlc1pnUUVEm5.png?w=180,https://store.playstation.com/en-gb/product/EP0006-CUSA19515_00-METR000000000000
System Shock,Unavailable,https://image.api.playstation.com/vulcan/ap/rnd/202310/0514/0e06c77172e9da2e3546c9ed4007a20fdc892cb31225145a.png?w=180,https://store.playstation.com/en-gb/product/EP6713-CUSA32057_00-SYSTSHOCKREPS4EU
System Shock,£20.99,https://image.api.playstation.com/vulcan/ap/rnd/202310/0514/0e06c77172e9da2e3546c9ed4007a20fdc892cb31225145a.png?w=180,https://store.playstation.com/en-gb/product/EP6713-PPSA06390_00-SYSTSHOCKREPS5EU
FOR HONOR,£3.74,https://image.api.playstation.com/vulcan/ap/rnd/202402/2815/934a3852ebc9f2e2aec3421cf7ce5e31ad0aeb3cabcd349c.png?w=180,https://store.playstation.com/en-gb/product/EP0001-CUSA05264_00-FHSTAN0000000000
Shadow of the Tomb Raider Definitive Edition,£6.99,https://image.api.playstation.com/vulcan/img/cfn/11307GuAHH7iQiOD4izIk0LfwiEqxk8YuSh6_6z4bBNpNiakl7J0slnPcDaZ3MTFoT0bCw0D0iLyFrXhc8Au0FGTv80hw0wU.png?w=180,https://store.playstation.com/en-gb/product/EP0082-CUSA10872_00-DEFINITIVE00SIEE
Crash™ Team Racing Nitro-Fueled - Nitros Oxide Edition,£19.24,https://image.api.playstation.com/vulcan/img/cfn/11307BCdoIyaMYh0QyPHdsrepiw-flUMO3UqjhGSXqRDIsgoI5Icgmy3NjCr-wN3ZQH3htZSxU5DEqk_Vsrgy5Sy8hc2GwB9.png?w=180,https://store.playstation.com/en-gb/product/EP0002-CUSA14876_00-CTRDELUXE0000001
Crash Bandicoot™ Bundle - N. Sane Trilogy + CTR Nitro-Fueled,£20.99,https://image.api.playstation.com/vulcan/img/cfn/113073Oz_RChfCPBmm85wFPMWWgSpByVRgaHPq6IS_uC4m_I0g_PrjnZiiiWyQv97jWzEhCNgYeXrBzHhwCSx1Irxv0dk_0u.png?w=180,https://store.playstation.com/en-gb/product/EP0002-CUSA14876_00-CTRCBTBUNDLE0001
S.T.A.L.K.E.R.: Legends of the Zone Trilogy,£23.09,https://image.api.playstation.com/vulcan/ap/rnd/202402/2010/b326f9def570b3e1934cab05b4c42adb9348853145a3e241.png?w=180,https://store.playstation.com/en-gb/product/EB0236-CUSA43978_00-0550328121149114
Arizona Sunshine® 2,£23.09,https://image.api.playstation.com/vulcan/ap/rnd/202305/2420/05c4dac1ecec008d707e7a7bd4357e6260c9bd19d54a2cfb.png?w=180,https://store.playstation.com/en-gb/product/EP3392-PPSA17011_00-0397332954655301
Bus Simulator,£9.99,https://image.api.playstation.com/vulcan/img/cfn/113073c_srPPjtE22vTSRFfc-1azOyIDQIWLYBZPB0uBb4tcmgpJkgv4jnOmR9TOSzBYPErnNeBYLSSZ9Bi0FUS6XgQFBdwX.png?w=180,https://store.playstation.com/en-gb/product/EP2430-CUSA11690_00-BUSSIMXXXXXXXXXX
Hi-Fi RUSH,£16.80,https://image.api.playstation.com/vulcan/ap/rnd/202402/0615/6c0f8d23c70f7a4c925958886f53181ba43ca5145d471209.png?w=180,https://store.playstation.com/en-gb/product/EP1003-PPSA17169_00-HIFIRUSH00000000
Tom Clancy's Ghost Recon® Breakpoint Deluxe Edition,£13.59,https://image.api.playstation.com/vulcan/ap/rnd/202109/0712/PBl8MRpxqYhzALKQe2sfOFp7.png?w=180,https://store.playstation.com/en-gb/product/EP0001-CUSA14390_00-TGTDLXEDITION000
Tom Clancy's Ghost Recon® Breakpoint Gold Edition,£16.99,https://image.api.playstation.com/vulcan/img/rnd/202109/0713/w2VGFO3HIVX4YZ4DwQuQ416V.png?w=180,https://store.playstation.com/en-gb/product/EP0001-CUSA14390_00-TGTGLD0000000000
Dying Light Definitive Edition,£8.99,https://image.api.playstation.com/vulcan/ap/rnd/202205/2408/sY4FI4wPRqCDezfhmSwsy8eI.png?w=180,https://store.playstation.com/en-gb/product/EP1018-CUSA02010_00-PLATINUMEDITION1
Marvel's Midnight Suns for PS4™,£14.99,https://image.api.playstation.com/vulcan/ap/rnd/202205/2700/HNT7Av8LkRN6M3OiFe0DRq8T.png?w=180,https://store.playstation.com/en-gb/product/EP1001-CUSA29441_00-CODA000000000000
